sha256,path
60b55fab6b9df2719ca5f2acb7b4dbfeaa50239a5c395e63c33583e57f0be61e,Assets/Scenes/Gameplay.unity
204f446bc13539151c15af875550a7fa6f791662e967572a1b4b06fd0005dad1,Assets/Scenes/Gameplay.unity.meta
5df88b9d8dd10d7f298935573fd6e9430937f9204540f920cc5470e2fdc42d17,Assets/Prefabs/Player.prefab
b69ca3e86c87fe10eb63856d475b31ec307e8d286468a59debd30c9b329f682e,Assets/Prefabs/Player.prefab.meta
aca70313aa7fc8a5568a54e9c0955517cfc84b477d00b765e2c48b148804db7a,Assets/ScriptableObjects/Rooms/DiningRoomPerspectiveProfile.asset
dace687682ef89ef0b5dd008a8e7444e7f2d33bb892aa5f7eb454c1f3a44cc6c,Assets/ScriptableObjects/Rooms/DiningRoomPerspectiveProfile.asset.meta
96a746b728e0048deec1f4df782ca3e79a67ab11137a887130d91f9fe53c2032,Assets/ScriptableObjects/Rooms/DrawingRoomPerspectiveProfile.asset
718cfcb61284c20ce168a93d5b5551d05c41339b352e1bf07b64cd3b950b9ec7,Assets/ScriptableObjects/Rooms/DrawingRoomPerspectiveProfile.asset.meta
3cb38c3edf27238aa24d933a0d92d59c9da8e4122c60f6648a49bd80650cb219,Assets/Scripts/PointClickPlayerMovement.cs.meta
aa1125b5a7d080127cb82c8966845f9eef8480cc7e874d5217d684bb6c4b4ba5,Assets/Scripts/Characters/GuestRoomScaleCalibration.cs.meta
acfa44aa230c81d3941987482d15f922a8b85477595188d2af1babb48ef88b4e,Assets/Scripts/Characters/GuestRoomScaleApplier.cs.meta
c18f392d18c204f7674cce045a667d16bdd5ded3d3a5029ab204d13155ade05a,Assets/Scripts/Characters/GuestScaleParticipant.cs.meta
